"growth","yr"
4.34682418631744,2001
2.73216219825345,2002
4.19471403560715,2003
1.93403171347624,2004
2.2920786506227,2005
2.90311823709175,2006
2.24890390459414,2007
2.23549314136397,2008
2.63931111797297,2009
3.06068769746959,2010
